JournalLineRuleID,JournalTypeCode,RuleSeq,PairCode,NormalDrAccountSource,NormalCrAccountSource,AmountSource,AmountFactor,ReverseIfNegative,SkipIfDrAccountNull,SkipIfCrAccountNull,SkipIfAmountZero,PartnerMode,FixedPartner,ApplyPartnerToDrLine,ApplyPartnerToCrLine,MemoTemplate,IsActive,AddDate,ModifiedDate,NegativeMode
1,PP_CANCEL_HOLD_DISPUTE_RESOLUTION,10,BANK_CONTRA,BANK_ACCOUNT,CONTRA_ACCOUNT,GROSS,1,1,1,1,1,HEADER,NULL,1,1,Pair 1: Bank vs Contra from Gross,1,24:51.6,NULL,REVERSE
2,PP_CHARGEBACK,10,BANK_CONTRA,BANK_ACCOUNT,CONTRA_ACCOUNT,GROSS,1,1,1,1,1,HEADER,NULL,1,1,Pair 1: Bank vs Contra from Gross,1,24:51.6,NULL,REVERSE
3,PP_CHARGEBACK_FEE,10,BANK_CONTRA,BANK_ACCOUNT,CONTRA_ACCOUNT,GROSS,1,1,1,1,1,HEADER,NULL,1,1,Pair 1: Bank vs Contra from Gross,1,24:51.6,NULL,REVERSE
4,PP_CHARGEBACK_REVERSAL,10,BANK_CONTRA,BANK_ACCOUNT,CONTRA_ACCOUNT,GROSS,1,1,1,1,1,HEADER,NULL,1,1,Pair 1: Bank vs Contra from Gross,1,24:51.6,NULL,REVERSE
5,PP_DIRECT_CREDIT_CARD_PAYMENT,10,BANK_CONTRA,BANK_ACCOUNT,CONTRA_ACCOUNT,GROSS,1,1,1,1,1,HEADER,NULL,1,1,Pair 1: Bank vs Contra from Gross,1,24:51.6,NULL,REVERSE
6,PP_DISPUTE_FEE,10,BANK_CONTRA,BANK_ACCOUNT,CONTRA_ACCOUNT,GROSS,1,1,1,1,1,HEADER,NULL,1,1,Pair 1: Bank vs Contra from Gross,1,24:51.6,NULL,REVERSE
7,PP_EXPRESS_CHECKOUT_PAYMENT,10,BANK_CONTRA,BANK_ACCOUNT,CONTRA_ACCOUNT,GROSS,1,1,1,1,1,HEADER,NULL,1,1,Pair 1: Bank vs Contra from Gross,1,24:51.6,NULL,REVERSE
8,PP_FEE_REVERSAL,10,BANK_CONTRA,BANK_ACCOUNT,CONTRA_ACCOUNT,GROSS,1,1,1,1,1,HEADER,NULL,1,1,Pair 1: Bank vs Contra from Gross,1,24:51.6,NULL,REVERSE
9,PP_GENERAL_ACCOUNT_CORRECTION,10,BANK_CONTRA,BANK_ACCOUNT,CONTRA_ACCOUNT,GROSS,1,1,1,1,1,HEADER,NULL,1,1,Pair 1: Bank vs Contra from Gross,1,24:51.6,NULL,REVERSE
10,PP_GENERAL_BONUS,10,BANK_CONTRA,BANK_ACCOUNT,CONTRA_ACCOUNT,GROSS,1,1,1,1,1,HEADER,NULL,1,1,Pair 1: Bank vs Contra from Gross,1,24:51.6,NULL,REVERSE
11,PP_GENERAL_HOLD,10,BANK_CONTRA,BANK_ACCOUNT,CONTRA_ACCOUNT,GROSS,1,1,1,1,1,HEADER,NULL,1,1,Pair 1: Bank vs Contra from Gross,1,24:51.6,NULL,REVERSE
12,PP_GENERAL_HOLD_RELEASE,10,BANK_CONTRA,BANK_ACCOUNT,CONTRA_ACCOUNT,GROSS,1,1,1,1,1,HEADER,NULL,1,1,Pair 1: Bank vs Contra from Gross,1,24:51.6,NULL,REVERSE
13,PP_GENERAL_PAYMENT,10,BANK_CONTRA,BANK_ACCOUNT,CONTRA_ACCOUNT,GROSS,1,1,1,1,1,HEADER,NULL,1,1,Pair 1: Bank vs Contra from Gross,1,24:51.6,NULL,REVERSE
14,PP_HOLD_AVAILABLE_BALANCE,10,BANK_CONTRA,BANK_ACCOUNT,CONTRA_ACCOUNT,GROSS,1,1,1,1,1,HEADER,NULL,1,1,Pair 1: Bank vs Contra from Gross,1,24:51.6,NULL,REVERSE
15,PP_HOLD_DISPUTE_INVESTIGATION,10,BANK_CONTRA,BANK_ACCOUNT,CONTRA_ACCOUNT,GROSS,1,1,1,1,1,HEADER,NULL,1,1,Pair 1: Bank vs Contra from Gross,1,24:51.6,NULL,REVERSE
16,PP_IPR_REVERSAL,10,BANK_CONTRA,BANK_ACCOUNT,CONTRA_ACCOUNT,GROSS,1,1,1,1,1,HEADER,NULL,1,1,Pair 1: Bank vs Contra from Gross,1,24:51.6,NULL,REVERSE
17,PP_MASS_PAY_PAYMENT,10,BANK_CONTRA,BANK_ACCOUNT,CONTRA_ACCOUNT,GROSS,1,1,1,1,1,HEADER,NULL,1,1,Pair 1: Bank vs Contra from Gross,1,24:51.6,NULL,REVERSE
18,PP_MOBILE_PAYMENT,10,BANK_CONTRA,BANK_ACCOUNT,CONTRA_ACCOUNT,GROSS,1,1,1,1,1,HEADER,NULL,1,1,Pair 1: Bank vs Contra from Gross,1,24:51.6,NULL,REVERSE
19,PP_PARTNER_FEE,10,BANK_CONTRA,BANK_ACCOUNT,CONTRA_ACCOUNT,GROSS,1,1,1,1,1,HEADER,NULL,1,1,Pair 1: Bank vs Contra from Gross,1,24:51.6,NULL,REVERSE
20,PP_PAYMENT_FEE,10,BANK_CONTRA,BANK_ACCOUNT,CONTRA_ACCOUNT,GROSS,1,1,1,1,1,HEADER,NULL,1,1,Pair 1: Bank vs Contra from Gross,1,24:51.6,NULL,REVERSE
21,PP_PAYMENT_REFUND,10,BANK_CONTRA,BANK_ACCOUNT,CONTRA_ACCOUNT,GROSS,1,1,1,1,1,HEADER,NULL,1,1,Pair 1: Bank vs Contra from Gross,1,24:51.6,NULL,REVERSE
22,PP_PAYMENT_REVERSAL,10,BANK_CONTRA,BANK_ACCOUNT,CONTRA_ACCOUNT,GROSS,1,1,1,1,1,HEADER,NULL,1,1,Pair 1: Bank vs Contra from Gross,1,24:51.6,NULL,REVERSE
23,PP_PAYMENT_REVIEW_HOLD,10,BANK_CONTRA,BANK_ACCOUNT,CONTRA_ACCOUNT,GROSS,1,1,1,1,1,HEADER,NULL,1,1,Pair 1: Bank vs Contra from Gross,1,24:51.6,NULL,REVERSE
24,PP_PAYMENT_REVIEW_RELEASE,10,BANK_CONTRA,BANK_ACCOUNT,CONTRA_ACCOUNT,GROSS,1,1,1,1,1,HEADER,NULL,1,1,Pair 1: Bank vs Contra from Gross,1,24:51.6,NULL,REVERSE
25,PP_PROTECTION_BONUS_PAYOUT,10,BANK_CONTRA,BANK_ACCOUNT,CONTRA_ACCOUNT,GROSS,1,1,1,1,1,HEADER,NULL,1,1,Pair 1: Bank vs Contra from Gross,1,24:51.6,NULL,REVERSE
26,PP_RESERVE_HOLD,10,BANK_CONTRA,BANK_ACCOUNT,CONTRA_ACCOUNT,GROSS,1,1,1,1,1,HEADER,NULL,1,1,Pair 1: Bank vs Contra from Gross,1,24:51.6,NULL,REVERSE
27,PP_RESERVE_RELEASE,10,BANK_CONTRA,BANK_ACCOUNT,CONTRA_ACCOUNT,GROSS,1,1,1,1,1,HEADER,NULL,1,1,Pair 1: Bank vs Contra from Gross,1,24:51.6,NULL,REVERSE
28,PP_REVERSAL_GENERAL_ACCOUNT_HOLD,10,BANK_CONTRA,BANK_ACCOUNT,CONTRA_ACCOUNT,GROSS,1,1,1,1,1,HEADER,NULL,1,1,Pair 1: Bank vs Contra from Gross,1,24:51.6,NULL,REVERSE
29,PP_TAX_HOLD,10,BANK_CONTRA,BANK_ACCOUNT,CONTRA_ACCOUNT,GROSS,1,1,1,1,1,HEADER,NULL,1,1,Pair 1: Bank vs Contra from Gross,1,24:51.6,NULL,REVERSE
30,PP_TAX_RELEASE,10,BANK_CONTRA,BANK_ACCOUNT,CONTRA_ACCOUNT,GROSS,1,1,1,1,1,HEADER,NULL,1,1,Pair 1: Bank vs Contra from Gross,1,24:51.6,NULL,REVERSE
32,PP_USER_INITIATED_WITHDRAWAL,10,BANK_CONTRA,BANK_ACCOUNT,CONTRA_ACCOUNT,GROSS,1,1,1,1,1,HEADER,NULL,1,1,Pair 1: Bank vs Contra from Gross,1,24:51.6,NULL,REVERSE
33,PP_CANCEL_HOLD_DISPUTE_RESOLUTION,20,CONTRA_TRANS,CONTRA_ACCOUNT,TRANS_ACCOUNT,GROSS,1,1,1,1,1,HEADER,NULL,1,1,Pair 2: Contra vs Trans from Gross,1,24:51.6,NULL,REVERSE
34,PP_CHARGEBACK,20,CONTRA_TRANS,CONTRA_ACCOUNT,TRANS_ACCOUNT,GROSS,1,1,1,1,1,HEADER,NULL,1,1,Pair 2: Contra vs Trans from Gross,1,24:51.6,NULL,REVERSE
35,PP_CHARGEBACK_FEE,20,CONTRA_TRANS,CONTRA_ACCOUNT,TRANS_ACCOUNT,GROSS,1,1,1,1,1,HEADER,NULL,1,1,Pair 2: Contra vs Trans from Gross,1,24:51.6,NULL,REVERSE
36,PP_CHARGEBACK_REVERSAL,20,CONTRA_TRANS,CONTRA_ACCOUNT,TRANS_ACCOUNT,GROSS,1,1,1,1,1,HEADER,NULL,1,1,Pair 2: Contra vs Trans from Gross,1,24:51.6,NULL,REVERSE
37,PP_DIRECT_CREDIT_CARD_PAYMENT,20,CONTRA_TRANS,CONTRA_ACCOUNT,TRANS_ACCOUNT,GROSS,1,1,1,1,1,HEADER,NULL,1,1,Pair 2: Contra vs Trans from Gross,1,24:51.6,NULL,REVERSE
38,PP_DISPUTE_FEE,20,CONTRA_TRANS,CONTRA_ACCOUNT,TRANS_ACCOUNT,GROSS,1,1,1,1,1,HEADER,NULL,1,1,Pair 2: Contra vs Trans from Gross,1,24:51.6,NULL,REVERSE
39,PP_EXPRESS_CHECKOUT_PAYMENT,20,CONTRA_TRANS,CONTRA_ACCOUNT,TRANS_ACCOUNT,GROSS,1,1,1,1,1,HEADER,NULL,1,1,Pair 2: Contra vs Trans from Gross,1,24:51.6,NULL,REVERSE
40,PP_FEE_REVERSAL,20,CONTRA_TRANS,CONTRA_ACCOUNT,TRANS_ACCOUNT,GROSS,1,1,1,1,1,HEADER,NULL,1,1,Pair 2: Contra vs Trans from Gross,1,24:51.6,NULL,REVERSE
41,PP_GENERAL_ACCOUNT_CORRECTION,20,CONTRA_TRANS,CONTRA_ACCOUNT,TRANS_ACCOUNT,GROSS,1,1,1,1,1,HEADER,NULL,1,1,Pair 2: Contra vs Trans from Gross,1,24:51.6,NULL,REVERSE
42,PP_GENERAL_BONUS,20,CONTRA_TRANS,CONTRA_ACCOUNT,TRANS_ACCOUNT,GROSS,1,1,1,1,1,HEADER,NULL,1,1,Pair 2: Contra vs Trans from Gross,1,24:51.6,NULL,REVERSE
43,PP_GENERAL_HOLD,20,CONTRA_TRANS,CONTRA_ACCOUNT,TRANS_ACCOUNT,GROSS,1,1,1,1,1,HEADER,NULL,1,1,Pair 2: Contra vs Trans from Gross,1,24:51.6,NULL,REVERSE
44,PP_GENERAL_HOLD_RELEASE,20,CONTRA_TRANS,CONTRA_ACCOUNT,TRANS_ACCOUNT,GROSS,1,1,1,1,1,HEADER,NULL,1,1,Pair 2: Contra vs Trans from Gross,1,24:51.6,NULL,REVERSE
45,PP_GENERAL_PAYMENT,20,CONTRA_TRANS,CONTRA_ACCOUNT,TRANS_ACCOUNT,GROSS,1,1,1,1,1,HEADER,NULL,1,1,Pair 2: Contra vs Trans from Gross,1,24:51.6,NULL,REVERSE
46,PP_HOLD_AVAILABLE_BALANCE,20,CONTRA_TRANS,CONTRA_ACCOUNT,TRANS_ACCOUNT,GROSS,1,1,1,1,1,HEADER,NULL,1,1,Pair 2: Contra vs Trans from Gross,1,24:51.6,NULL,REVERSE
47,PP_HOLD_DISPUTE_INVESTIGATION,20,CONTRA_TRANS,CONTRA_ACCOUNT,TRANS_ACCOUNT,GROSS,1,1,1,1,1,HEADER,NULL,1,1,Pair 2: Contra vs Trans from Gross,1,24:51.6,NULL,REVERSE
48,PP_IPR_REVERSAL,20,CONTRA_TRANS,CONTRA_ACCOUNT,TRANS_ACCOUNT,GROSS,1,1,1,1,1,HEADER,NULL,1,1,Pair 2: Contra vs Trans from Gross,1,24:51.6,NULL,REVERSE
49,PP_MASS_PAY_PAYMENT,20,CONTRA_TRANS,CONTRA_ACCOUNT,TRANS_ACCOUNT,GROSS,1,1,1,1,1,HEADER,NULL,1,1,Pair 2: Contra vs Trans from Gross,1,24:51.6,NULL,REVERSE
50,PP_MOBILE_PAYMENT,20,CONTRA_TRANS,CONTRA_ACCOUNT,TRANS_ACCOUNT,GROSS,1,1,1,1,1,HEADER,NULL,1,1,Pair 2: Contra vs Trans from Gross,1,24:51.6,NULL,REVERSE
51,PP_PARTNER_FEE,20,CONTRA_TRANS,CONTRA_ACCOUNT,TRANS_ACCOUNT,GROSS,1,1,1,1,1,HEADER,NULL,1,1,Pair 2: Contra vs Trans from Gross,1,24:51.6,NULL,REVERSE
52,PP_PAYMENT_FEE,20,CONTRA_TRANS,CONTRA_ACCOUNT,TRANS_ACCOUNT,GROSS,1,1,1,1,1,HEADER,NULL,1,1,Pair 2: Contra vs Trans from Gross,1,24:51.6,NULL,REVERSE
53,PP_PAYMENT_REFUND,20,CONTRA_TRANS,CONTRA_ACCOUNT,TRANS_ACCOUNT,GROSS,1,1,1,1,1,HEADER,NULL,1,1,Pair 2: Contra vs Trans from Gross,1,24:51.6,NULL,REVERSE
54,PP_PAYMENT_REVERSAL,20,CONTRA_TRANS,CONTRA_ACCOUNT,TRANS_ACCOUNT,GROSS,1,1,1,1,1,HEADER,NULL,1,1,Pair 2: Contra vs Trans from Gross,1,24:51.6,NULL,REVERSE
55,PP_PAYMENT_REVIEW_HOLD,20,CONTRA_TRANS,CONTRA_ACCOUNT,TRANS_ACCOUNT,GROSS,1,1,1,1,1,HEADER,NULL,1,1,Pair 2: Contra vs Trans from Gross,1,24:51.6,NULL,REVERSE
56,PP_PAYMENT_REVIEW_RELEASE,20,CONTRA_TRANS,CONTRA_ACCOUNT,TRANS_ACCOUNT,GROSS,1,1,1,1,1,HEADER,NULL,1,1,Pair 2: Contra vs Trans from Gross,1,24:51.6,NULL,REVERSE
57,PP_PROTECTION_BONUS_PAYOUT,20,CONTRA_TRANS,CONTRA_ACCOUNT,TRANS_ACCOUNT,GROSS,1,1,1,1,1,HEADER,NULL,1,1,Pair 2: Contra vs Trans from Gross,1,24:51.6,NULL,REVERSE
58,PP_RESERVE_HOLD,20,CONTRA_TRANS,CONTRA_ACCOUNT,TRANS_ACCOUNT,GROSS,1,1,1,1,1,HEADER,NULL,1,1,Pair 2: Contra vs Trans from Gross,1,24:51.6,NULL,REVERSE
59,PP_RESERVE_RELEASE,20,CONTRA_TRANS,CONTRA_ACCOUNT,TRANS_ACCOUNT,GROSS,1,1,1,1,1,HEADER,NULL,1,1,Pair 2: Contra vs Trans from Gross,1,24:51.6,NULL,REVERSE
60,PP_REVERSAL_GENERAL_ACCOUNT_HOLD,20,CONTRA_TRANS,CONTRA_ACCOUNT,TRANS_ACCOUNT,GROSS,1,1,1,1,1,HEADER,NULL,1,1,Pair 2: Contra vs Trans from Gross,1,24:51.6,NULL,REVERSE
61,PP_TAX_HOLD,20,CONTRA_TRANS,CONTRA_ACCOUNT,TRANS_ACCOUNT,GROSS,1,1,1,1,1,HEADER,NULL,1,1,Pair 2: Contra vs Trans from Gross,1,24:51.6,NULL,REVERSE
62,PP_TAX_RELEASE,20,CONTRA_TRANS,CONTRA_ACCOUNT,TRANS_ACCOUNT,GROSS,1,1,1,1,1,HEADER,NULL,1,1,Pair 2: Contra vs Trans from Gross,1,24:51.6,NULL,REVERSE
64,PP_USER_INITIATED_WITHDRAWAL,20,CONTRA_TRANS,CONTRA_ACCOUNT,TRANS_ACCOUNT,GROSS,1,1,1,1,1,HEADER,NULL,1,1,Pair 2: Contra vs Trans from Gross,1,24:51.6,NULL,REVERSE
65,PP_CANCEL_HOLD_DISPUTE_RESOLUTION,30,FEE_BANK,FEE_ACCOUNT,BANK_ACCOUNT,FEE,-1,1,1,1,1,FIXED,PAYPAL,1,1,Pair 3: Fee vs Bank from Fee,1,24:51.6,NULL,REVERSE
66,PP_CHARGEBACK,30,FEE_BANK,FEE_ACCOUNT,BANK_ACCOUNT,FEE,-1,1,1,1,1,FIXED,PAYPAL,1,1,Pair 3: Fee vs Bank from Fee,1,24:51.6,NULL,REVERSE
67,PP_CHARGEBACK_FEE,30,FEE_BANK,FEE_ACCOUNT,BANK_ACCOUNT,FEE,-1,1,1,1,1,FIXED,PAYPAL,1,1,Pair 3: Fee vs Bank from Fee,1,24:51.6,NULL,REVERSE
68,PP_CHARGEBACK_REVERSAL,30,FEE_BANK,FEE_ACCOUNT,BANK_ACCOUNT,FEE,-1,1,1,1,1,FIXED,PAYPAL,1,1,Pair 3: Fee vs Bank from Fee,1,24:51.6,NULL,REVERSE
69,PP_DIRECT_CREDIT_CARD_PAYMENT,30,FEE_BANK,FEE_ACCOUNT,BANK_ACCOUNT,FEE,-1,1,1,1,1,FIXED,PAYPAL,1,1,Pair 3: Fee vs Bank from Fee,1,24:51.6,NULL,REVERSE
70,PP_DISPUTE_FEE,30,FEE_BANK,FEE_ACCOUNT,BANK_ACCOUNT,FEE,-1,1,1,1,1,FIXED,PAYPAL,1,1,Pair 3: Fee vs Bank from Fee,1,24:51.6,NULL,REVERSE
71,PP_EXPRESS_CHECKOUT_PAYMENT,30,FEE_BANK,FEE_ACCOUNT,BANK_ACCOUNT,FEE,-1,1,1,1,1,FIXED,PAYPAL,1,1,Pair 3: Fee vs Bank from Fee,1,24:51.6,NULL,REVERSE
72,PP_FEE_REVERSAL,30,FEE_BANK,FEE_ACCOUNT,BANK_ACCOUNT,FEE,-1,1,1,1,1,FIXED,PAYPAL,1,1,Pair 3: Fee vs Bank from Fee,1,24:51.6,NULL,REVERSE
73,PP_GENERAL_ACCOUNT_CORRECTION,30,FEE_BANK,FEE_ACCOUNT,BANK_ACCOUNT,FEE,-1,1,1,1,1,FIXED,PAYPAL,1,1,Pair 3: Fee vs Bank from Fee,1,24:51.6,NULL,REVERSE
74,PP_GENERAL_BONUS,30,FEE_BANK,FEE_ACCOUNT,BANK_ACCOUNT,FEE,-1,1,1,1,1,FIXED,PAYPAL,1,1,Pair 3: Fee vs Bank from Fee,1,24:51.6,NULL,REVERSE
75,PP_GENERAL_HOLD,30,FEE_BANK,FEE_ACCOUNT,BANK_ACCOUNT,FEE,-1,1,1,1,1,FIXED,PAYPAL,1,1,Pair 3: Fee vs Bank from Fee,1,24:51.6,NULL,REVERSE
76,PP_GENERAL_HOLD_RELEASE,30,FEE_BANK,FEE_ACCOUNT,BANK_ACCOUNT,FEE,-1,1,1,1,1,FIXED,PAYPAL,1,1,Pair 3: Fee vs Bank from Fee,1,24:51.6,NULL,REVERSE
77,PP_GENERAL_PAYMENT,30,FEE_BANK,FEE_ACCOUNT,BANK_ACCOUNT,FEE,-1,1,1,1,1,FIXED,PAYPAL,1,1,Pair 3: Fee vs Bank from Fee,1,24:51.6,NULL,REVERSE
78,PP_HOLD_AVAILABLE_BALANCE,30,FEE_BANK,FEE_ACCOUNT,BANK_ACCOUNT,FEE,-1,1,1,1,1,FIXED,PAYPAL,1,1,Pair 3: Fee vs Bank from Fee,1,24:51.6,NULL,REVERSE
79,PP_HOLD_DISPUTE_INVESTIGATION,30,FEE_BANK,FEE_ACCOUNT,BANK_ACCOUNT,FEE,-1,1,1,1,1,FIXED,PAYPAL,1,1,Pair 3: Fee vs Bank from Fee,1,24:51.6,NULL,REVERSE
80,PP_IPR_REVERSAL,30,FEE_BANK,FEE_ACCOUNT,BANK_ACCOUNT,FEE,-1,1,1,1,1,FIXED,PAYPAL,1,1,Pair 3: Fee vs Bank from Fee,1,24:51.6,NULL,REVERSE
81,PP_MASS_PAY_PAYMENT,30,FEE_BANK,FEE_ACCOUNT,BANK_ACCOUNT,FEE,-1,1,1,1,1,FIXED,PAYPAL,1,1,Pair 3: Fee vs Bank from Fee,1,24:51.6,NULL,REVERSE
82,PP_MOBILE_PAYMENT,30,FEE_BANK,FEE_ACCOUNT,BANK_ACCOUNT,FEE,-1,1,1,1,1,FIXED,PAYPAL,1,1,Pair 3: Fee vs Bank from Fee,1,24:51.6,NULL,REVERSE
83,PP_PARTNER_FEE,30,FEE_BANK,FEE_ACCOUNT,BANK_ACCOUNT,FEE,-1,1,1,1,1,FIXED,PAYPAL,1,1,Pair 3: Fee vs Bank from Fee,1,24:51.6,NULL,REVERSE
84,PP_PAYMENT_FEE,30,FEE_BANK,FEE_ACCOUNT,BANK_ACCOUNT,FEE,-1,1,1,1,1,FIXED,PAYPAL,1,1,Pair 3: Fee vs Bank from Fee,1,24:51.6,NULL,REVERSE
85,PP_PAYMENT_REFUND,30,FEE_BANK,FEE_ACCOUNT,BANK_ACCOUNT,FEE,-1,1,1,1,1,FIXED,PAYPAL,1,1,Pair 3: Fee vs Bank from Fee,1,24:51.6,NULL,REVERSE
86,PP_PAYMENT_REVERSAL,30,FEE_BANK,FEE_ACCOUNT,BANK_ACCOUNT,FEE,-1,1,1,1,1,FIXED,PAYPAL,1,1,Pair 3: Fee vs Bank from Fee,1,24:51.6,NULL,REVERSE
87,PP_PAYMENT_REVIEW_HOLD,30,FEE_BANK,FEE_ACCOUNT,BANK_ACCOUNT,FEE,-1,1,1,1,1,FIXED,PAYPAL,1,1,Pair 3: Fee vs Bank from Fee,1,24:51.6,NULL,REVERSE
88,PP_PAYMENT_REVIEW_RELEASE,30,FEE_BANK,FEE_ACCOUNT,BANK_ACCOUNT,FEE,-1,1,1,1,1,FIXED,PAYPAL,1,1,Pair 3: Fee vs Bank from Fee,1,24:51.6,NULL,REVERSE
89,PP_PROTECTION_BONUS_PAYOUT,30,FEE_BANK,FEE_ACCOUNT,BANK_ACCOUNT,FEE,-1,1,1,1,1,FIXED,PAYPAL,1,1,Pair 3: Fee vs Bank from Fee,1,24:51.6,NULL,REVERSE
90,PP_RESERVE_HOLD,30,FEE_BANK,FEE_ACCOUNT,BANK_ACCOUNT,FEE,-1,1,1,1,1,FIXED,PAYPAL,1,1,Pair 3: Fee vs Bank from Fee,1,24:51.6,NULL,REVERSE
91,PP_RESERVE_RELEASE,30,FEE_BANK,FEE_ACCOUNT,BANK_ACCOUNT,FEE,-1,1,1,1,1,FIXED,PAYPAL,1,1,Pair 3: Fee vs Bank from Fee,1,24:51.6,NULL,REVERSE
92,PP_REVERSAL_GENERAL_ACCOUNT_HOLD,30,FEE_BANK,FEE_ACCOUNT,BANK_ACCOUNT,FEE,-1,1,1,1,1,FIXED,PAYPAL,1,1,Pair 3: Fee vs Bank from Fee,1,24:51.6,NULL,REVERSE
93,PP_TAX_HOLD,30,FEE_BANK,FEE_ACCOUNT,BANK_ACCOUNT,FEE,-1,1,1,1,1,FIXED,PAYPAL,1,1,Pair 3: Fee vs Bank from Fee,1,24:51.6,NULL,REVERSE
94,PP_TAX_RELEASE,30,FEE_BANK,FEE_ACCOUNT,BANK_ACCOUNT,FEE,-1,1,1,1,1,FIXED,PAYPAL,1,1,Pair 3: Fee vs Bank from Fee,1,24:51.6,NULL,REVERSE
96,PP_USER_INITIATED_WITHDRAWAL,30,FEE_BANK,FEE_ACCOUNT,BANK_ACCOUNT,FEE,-1,1,1,1,1,FIXED,PAYPAL,1,1,Pair 3: Fee vs Bank from Fee,1,24:51.6,NULL,REVERSE
97,ORD_REV_PRODUCT_FULFILLED,20,CONTRA_TRANS,CONTRA_ACCOUNT,TRANS_ACCOUNT,PRODUCT,1,0,1,1,1,HEADER,NULL,1,1,Orders Fulfilled Product Revenue Bulk | CONTRA_TRANS,1,50:28.1,13:08.4,SIGNED
98,ORD_REV_SHIPADD_FULFILLED,20,CONTRA_TRANS,CONTRA_ACCOUNT,TRANS_ACCOUNT,SHIPADD,1,0,1,1,1,HEADER,NULL,1,1,Orders Fulfilled ShipAdd Revenue Bulk | CONTRA_TRANS,1,50:28.1,13:08.4,SIGNED
99,ORD_REV_TAX_FULFILLED,20,CONTRA_TRANS,CONTRA_ACCOUNT,TRANS_ACCOUNT,TAX,1,0,1,1,1,HEADER,NULL,1,1,Orders Fulfilled Tax Payable Bulk | CONTRA_TRANS,1,50:28.1,13:08.4,SIGNED
100,ORD_SELLER_PROFIT_FULFILLED,20,CONTRA_TRANS,TRANS_ACCOUNT,CONTRA_ACCOUNT,SELLER_PROFIT,1,0,1,1,1,HEADER,NULL,1,1,Orders Fulfilled Seller Profit Bulk | CONTRA_TRANS,1,50:28.1,13:08.4,SIGNED
157,BANK_BANK_FEE,10,BANK_CONTRA,BANK_ACCOUNT,CONTRA_ACCOUNT,AMOUNT,1,1,1,1,1,HEADER,NULL,1,1,Bank Fee | BANK_CONTRA,1,55:11.5,NULL,REVERSE
158,BANK_BANK_FEE,20,CONTRA_TRANS,CONTRA_ACCOUNT,TRANS_ACCOUNT,AMOUNT,1,1,1,1,1,HEADER,NULL,1,1,Bank Fee | CONTRA_TRANS,1,55:11.5,NULL,REVERSE
159,BANK_PAYMENT_OTHER,10,BANK_CONTRA,BANK_ACCOUNT,CONTRA_ACCOUNT,AMOUNT,1,1,1,1,1,HEADER,NULL,1,1,Bank Payment Other | BANK_CONTRA,1,55:11.5,NULL,REVERSE
160,BANK_PAYMENT_OTHER,20,CONTRA_TRANS,CONTRA_ACCOUNT,TRANS_ACCOUNT,AMOUNT,1,1,1,1,1,HEADER,NULL,1,1,Bank Payment Other | CONTRA_TRANS,1,55:11.5,NULL,REVERSE
161,BANK_PAYMENT_OTHER,30,FEE_BANK,FEE_ACCOUNT,BANK_ACCOUNT,FEE,1,1,1,1,1,FIXED,BANk,1,1,Bank Payment Other | FEE_BANK,1,55:11.5,NULL,REVERSE
162,BANK_PAYMENT_SALARY,10,BANK_CONTRA,BANK_ACCOUNT,CONTRA_ACCOUNT,AMOUNT,1,1,1,1,1,HEADER,NULL,1,1,Bank Payment Salary | BANK_CONTRA,1,55:11.5,NULL,REVERSE
163,BANK_PAYMENT_SALARY,20,CONTRA_TRANS,CONTRA_ACCOUNT,TRANS_ACCOUNT,AMOUNT,1,1,1,1,1,HEADER,NULL,1,1,Bank Payment Salary | CONTRA_TRANS,1,55:11.5,NULL,REVERSE
164,BANK_PAYMENT_SALARY,30,FEE_BANK,FEE_ACCOUNT,BANK_ACCOUNT,FEE,1,1,1,1,1,FIXED,BANk,1,1,Bank Payment Salary | FEE_BANK,1,55:11.5,NULL,REVERSE
165,BANK_PAYMENT_SELLER,10,BANK_CONTRA,BANK_ACCOUNT,CONTRA_ACCOUNT,AMOUNT,1,1,1,1,1,HEADER,NULL,1,1,Bank Payment Seller | BANK_CONTRA,1,55:11.5,NULL,REVERSE
166,BANK_PAYMENT_SELLER,20,CONTRA_TRANS,CONTRA_ACCOUNT,TRANS_ACCOUNT,AMOUNT,1,1,1,1,1,HEADER,NULL,1,1,Bank Payment Seller | CONTRA_TRANS,1,55:11.5,NULL,REVERSE
167,BANK_PAYMENT_SELLER,30,FEE_BANK,FEE_ACCOUNT,BANK_ACCOUNT,FEE,1,1,1,1,1,FIXED,BANk,1,1,Bank Payment Seller | FEE_BANK,1,55:11.5,NULL,REVERSE
168,BANK_PAYMENT_SUPPLIER,10,BANK_CONTRA,BANK_ACCOUNT,CONTRA_ACCOUNT,AMOUNT,1,1,1,1,1,HEADER,NULL,1,1,Bank Payment Supplier | BANK_CONTRA,1,55:11.5,NULL,REVERSE
169,BANK_PAYMENT_SUPPLIER,20,CONTRA_TRANS,CONTRA_ACCOUNT,TRANS_ACCOUNT,AMOUNT,1,1,1,1,1,HEADER,NULL,1,1,Bank Payment Supplier | CONTRA_TRANS,1,55:11.5,NULL,REVERSE
170,BANK_PAYMENT_SUPPLIER,30,FEE_BANK,FEE_ACCOUNT,BANK_ACCOUNT,FEE,1,1,1,1,1,FIXED,BANk,1,1,Bank Payment Supplier | FEE_BANK,1,55:11.5,NULL,REVERSE
171,BANK_PAYMENT_COSTSUP,10,BANK_CONTRA,BANK_ACCOUNT,CONTRA_ACCOUNT,AMOUNT,1,1,1,1,1,HEADER,NULL,1,1,Bank Payment CostSup | BANK_CONTRA,1,55:11.5,NULL,REVERSE
172,BANK_PAYMENT_COSTSUP,20,CONTRA_TRANS,CONTRA_ACCOUNT,TRANS_ACCOUNT,AMOUNT,1,1,1,1,1,HEADER,NULL,1,1,Bank Payment CostSup | CONTRA_TRANS,1,55:11.5,NULL,REVERSE
173,BANK_PAYMENT_COSTSUP,30,FEE_BANK,FEE_ACCOUNT,BANK_ACCOUNT,FEE,1,1,1,1,1,FIXED,BANk,1,1,Bank Payment CostSup | FEE_BANK,1,55:11.5,NULL,REVERSE
174,BANK_RECEIPT_CUSTOMER,10,BANK_CONTRA,BANK_ACCOUNT,CONTRA_ACCOUNT,AMOUNT,1,1,1,1,1,HEADER,NULL,1,1,Bank Receipt Customer | BANK_CONTRA,1,55:11.5,NULL,REVERSE
175,BANK_RECEIPT_CUSTOMER,20,CONTRA_TRANS,CONTRA_ACCOUNT,TRANS_ACCOUNT,AMOUNT,1,1,1,1,1,HEADER,NULL,1,1,Bank Receipt Customer | CONTRA_TRANS,1,55:11.5,NULL,REVERSE
176,BANK_RECEIPT_OTHER,10,BANK_CONTRA,BANK_ACCOUNT,CONTRA_ACCOUNT,AMOUNT,1,1,1,1,1,HEADER,NULL,1,1,Bank Receipt Other | BANK_CONTRA,1,55:11.5,NULL,REVERSE
177,BANK_RECEIPT_OTHER,20,CONTRA_TRANS,CONTRA_ACCOUNT,TRANS_ACCOUNT,AMOUNT,1,1,1,1,1,HEADER,NULL,1,1,Bank Receipt Other | CONTRA_TRANS,1,55:11.5,NULL,REVERSE
178,BANK_INTERNAL_TRANSFER_TO,10,BANK_CONTRA,BANK_ACCOUNT,CONTRA_ACCOUNT,AMOUNT,1,1,1,1,1,HEADER,NULL,1,1,Bank Internal Transfer To | BANK_CONTRA,1,55:11.5,NULL,REVERSE
179,BANK_INTERNAL_TRANSFER_FROM,10,BANK_CONTRA,BANK_ACCOUNT,CONTRA_ACCOUNT,AMOUNT,1,1,1,1,1,HEADER,NULL,1,1,Bank Internal Transfer From | BANK_CONTRA,1,55:11.5,NULL,REVERSE
180,SUP_COSTSUP,20,CONTRA_TRANS,TRANS_ACCOUNT,CONTRA_ACCOUNT,AMOUNT,1,0,1,1,1,HEADER,NULL,1,1,CostSup Bulk | CONTRA_TRANS,1,55:11.5,13:08.4,SIGNED
181,SUP_SUPPLIER_COST_ADJUSTMENT,20,CONTRA_TRANS,TRANS_ACCOUNT,CONTRA_ACCOUNT,AMOUNT,1,0,1,1,1,HEADER,NULL,1,1,Supplier Cost Adjustment Bulk | CONTRA_TRANS,1,55:11.5,13:08.4,SIGNED
182,SUP_SUPPLIER_COST,20,CONTRA_TRANS,TRANS_ACCOUNT,CONTRA_ACCOUNT,AMOUNT,1,0,1,1,1,HEADER,NULL,1,1,Supplier Cost Bulk | CONTRA_TRANS,1,55:11.5,13:08.4,SIGNED
183,BANK_INTERNAL_TRANSFER_TO,30,FEE_BANK,FEE_ACCOUNT,BANK_ACCOUNT,FEE,1,1,1,1,1,FIXED,BANk,1,1,Bank Payment CostSup | FEE_BANK,1,56:42.8,NULL,REVERSE
184,PP_USER_INITIATED_CURRENCY_CONVERSION,10,BANK_CONTRA,BANK_ACCOUNT,CONTRA_ACCOUNT,GROSS,1,1,1,1,1,HEADER,NULL,1,1,Pair 1: Bank vs Contra from Gross,1,09:16.2,NULL,REVERSE
185,SELLER_COST,20,CONTRA_TRANS,TRANS_ACCOUNT,CONTRA_ACCOUNT,AMOUNT,1,0,1,1,1,HEADER,NULL,1,1,Fulfilled Seller Profit Bulk | CONTRA_TRANS,1,27:51.4,NULL,SIGNED
186,OTHER_ADJ,20,CONTRA_TRANS,CONTRA_ACCOUNT,TRANS_ACCOUNT,AMOUNT,1,1,1,1,1,HEADER,NULL,1,1,OTHER_ADJ | CONTRA_TRANS,1,02:40.1,NULL,REVERSE
187,REVENUE_DEDUCTION,20,CONTRA_TRANS,CONTRA_ACCOUNT,TRANS_ACCOUNT,AMOUNT,1,1,1,1,1,HEADER,NULL,1,1,REVENUE_DEDUCTION | CONTRA_TRANS,1,02:40.1,NULL,REVERSE
197,STRIPE_CHARGE,10,BANK_CONTRA,BANK_ACCOUNT,CONTRA_ACCOUNT,AMOUNT,1,1,1,1,1,HEADER,NULL,1,1,Stripe Charge | BANK_CONTRA,1,34:24.2,NULL,REVERSE
198,STRIPE_CHARGE,30,FEE_BANK,FEE_ACCOUNT,BANK_ACCOUNT,FEE,1,1,1,1,1,FIXED,STRIPE,1,1,Stripe Charge Fee | FEE_BANK,1,34:24.2,NULL,REVERSE
199,STRIPE_REFUND,10,BANK_CONTRA,BANK_ACCOUNT,CONTRA_ACCOUNT,AMOUNT,1,1,1,1,1,FIXED,STRIPE,1,1,Stripe Refund | BANK_CONTRA,1,34:24.2,NULL,REVERSE
200,STRIPE_REFUND,30,FEE_BANK,FEE_ACCOUNT,BANK_ACCOUNT,FEE,1,1,1,1,1,FIXED,STRIPE,1,1,Stripe Refund Fee | FEE_BANK,1,34:24.2,NULL,REVERSE
201,STRIPE_PAYOUT,10,BANK_CONTRA,BANK_ACCOUNT,CONTRA_ACCOUNT,AMOUNT,1,1,1,1,1,FIXED,STRIPE,1,1,Stripe Payout | BANK_CONTRA,1,34:24.2,NULL,REVERSE
202,STRIPE_FEE,10,BANK_CONTRA,BANK_ACCOUNT,CONTRA_ACCOUNT,AMOUNT,1,1,1,1,1,FIXED,STRIPE,1,1,Stripe Standalone Fee | BANK_CONTRA,1,34:24.2,NULL,REVERSE
203,STRIPE_FEE,20,CONTRA_TRANS,CONTRA_ACCOUNT,TRANS_ACCOUNT,AMOUNT,1,1,1,1,1,FIXED,STRIPE,1,1,Stripe Standalone Fee | CONTRA_TRANS,1,34:24.2,NULL,REVERSE
204,STRIPE_ADJUSTMENT,10,BANK_CONTRA,BANK_ACCOUNT,CONTRA_ACCOUNT,AMOUNT,1,1,1,1,1,FIXED,STRIPE,1,1,Stripe Adjustment | BANK_CONTRA,1,34:24.2,NULL,REVERSE
205,STRIPE_ADJUSTMENT,30,FEE_BANK,FEE_ACCOUNT,BANK_ACCOUNT,FEE,1,1,1,1,1,FIXED,STRIPE,1,1,Stripe Adjustment Fee | FEE_BANK,1,34:24.2,NULL,REVERSE